date,open,high,low,close,adj_close,volume
2024-10-07,1393.5000,1396.5000,1361.3750,1370.7250,1358.9889,22181340
2024-10-08,1372.9750,1401.0000,1365.1000,1397.3500,1385.3859,17020808
2024-10-09,1397.5250,1400.9750,1372.5000,1374.6000,1362.8307,14310610
2024-10-10,1380.0250,1386.0000,1369.4250,1371.0500,1359.3110,22358646
2024-10-11,1370.0000,1383.2750,1368.8250,1372.1000,1360.3521,7980122
2024-10-14,1379.4500,1380.0750,1368.2500,1372.5250,1360.7734,12221432
2024-10-15,1358.5250,1371.7000,1340.7000,1344.0250,1332.5175,33762794
2024-10-16,1340.0000,1364.0000,1337.6250,1354.0750,1342.4813,20034438
2024-10-17,1365.7000,1368.4500,1352.0500,1356.4250,1344.8113,15543660
2024-10-18,1352.1750,1368.4250,1341.3250,1359.3000,1347.6616,12082452
2024-10-21,1367.1250,1374.0000,1357.7250,1369.2000,1357.4768,14067408
2024-10-22,1369.2000,1376.0000,1340.2250,1343.3500,1331.8483,15831960
2024-10-23,1337.5000,1357.4750,1335.0000,1338.5250,1327.0646,17214742
2024-10-24,1335.2750,1343.7000,1323.1250,1339.8000,1328.3287,22155934
2024-10-25,1343.5000,1344.3500,1322.0000,1327.8500,1316.4808,18597496
2024-10-28,1337.0000,1353.0000,1322.1000,1334.3500,1322.9252,10824350
2024-10-29,1328.1000,1343.2000,1320.3000,1340.0000,1328.5269,12008361
2024-10-30,1335.0000,1350.0000,1325.3500,1343.9000,1332.3936,11984423
2024-10-31,1340.0000,1343.0000,1326.1500,1332.0500,1320.6450,9331650
2024-11-01,1333.0500,1341.9500,1333.0000,1338.6500,1327.1885,2127335
2024-11-04,1337.8500,1340.0000,1285.1000,1302.1500,1291.0010,19796890
2024-11-05,1293.0000,1309.5500,1286.1500,1305.3000,1294.1240,16267479
2024-11-06,1310.0000,1328.3000,1300.2000,1325.3500,1314.0022,21625209
2024-11-07,1324.0000,1324.0000,1302.6000,1305.6500,1294.4709,9611974
2024-11-08,1297.6500,1301.6500,1275.0000,1283.7500,1272.7585,19814406
2024-11-11,1278.9500,1286.0000,1267.0000,1272.7000,1261.8030,9056552
2024-11-12,1275.5500,1289.3000,1267.5000,1274.2500,1263.3398,10671091
2024-11-13,1270.2500,1275.4500,1249.5000,1252.0500,1241.3300,14633633
2024-11-14,1253.6000,1272.6000,1251.1000,1267.6000,1256.7468,12612633
2024-11-18,1267.6000,1272.9000,1243.9000,1260.7500,1249.9554,13620611
2024-11-19,1260.7500,1281.5000,1235.1500,1241.6500,1231.0189,14183746
2024-11-21,1241.6500,1243.9500,1217.2500,1223.0000,1212.5286,19433843
2024-11-22,1229.4000,1268.8500,1222.4500,1265.4000,1254.5657,20471957
2024-11-25,1290.0000,1304.4500,1282.4500,1287.0000,1275.9806,28923341
2024-11-26,1294.9500,1297.8500,1284.2000,1295.7000,1284.6061,9247557
2024-11-27,1293.5000,1303.8500,1286.0000,1293.2000,1282.1276,9572746
2024-11-28,1289.9500,1296.6000,1269.0500,1270.8000,1259.9194,15027412
2024-11-29,1280.0000,1299.5000,1275.2500,1292.2000,1281.1361,13202307
2024-12-02,1288.0000,1311.3500,1277.0500,1309.1500,1297.9410,11024152
2024-12-03,1317.0000,1326.8000,1307.0000,1323.3000,1311.9700,16869482
2024-12-04,1326.0000,1328.4000,1304.0500,1308.9500,1297.7427,19608540
2024-12-05,1314.3500,1329.9500,1306.1500,1322.0500,1310.7306,16858723
2024-12-06,1323.9000,1323.9000,1310.0000,1311.5500,1300.3206,9037514
2024-12-09,1303.0000,1315.0000,1293.1000,1295.1500,1284.0609,14650002
2024-12-10,1289.2500,1294.9000,1280.2000,1284.8500,1273.8490,16043729
2024-12-11,1285.0000,1290.0000,1276.0500,1278.2000,1267.2560,11724373
2024-12-12,1270.0000,1278.2000,1260.6000,1262.9000,1252.0870,20906813
2024-12-13,1260.0000,1275.2000,1239.6000,1272.8500,1261.9518,28630222
2024-12-16,1275.0000,1281.0000,1266.5500,1268.3000,1257.4408,9486781
2024-12-17,1261.0500,1263.9000,1242.8000,1245.3000,1234.6378,17462791
2024-12-18,1240.6500,1259.9500,1240.6500,1253.2500,1242.5197,12670179
2024-12-19,1239.0000,1244.9000,1229.0000,1230.4500,1219.9148,14244653
2024-12-20,1224.0000,1239.5000,1201.5000,1205.3000,1194.9803,20312896
2024-12-23,1215.0000,1227.2000,1213.2000,1222.3000,1211.8347,10052824
2024-12-24,1222.3000,1233.5500,1221.0000,1222.7500,1212.2809,6734917
2024-12-26,1224.2500,1227.7000,1214.2500,1216.5500,1206.1339,10016178
2024-12-27,1218.3000,1227.9000,1217.0000,1221.0500,1210.5955,7000397
2024-12-30,1216.4000,1223.2000,1208.1000,1210.7000,1200.3339,8818766
2024-12-31,1208.0000,1219.1000,1206.1500,1215.4500,1205.0432,6405475
2025-01-01,1214.8500,1226.3000,1211.6000,1221.2500,1210.7936,5892590
2025-01-02,1221.2500,1244.4500,1220.0000,1241.8000,1231.1677,15486276
2025-01-03,1243.9000,1262.0500,1235.5000,1251.1500,1240.4376,15521102
2025-01-06,1253.9500,1262.0000,1215.0000,1218.0000,1207.5715,14816766
2025-01-07,1222.0000,1244.5000,1221.2500,1240.8500,1230.2257,10070505
2025-01-08,1249.0000,1271.0500,1245.3500,1265.5000,1254.6648,19346579
2025-01-09,1267.0000,1269.7500,1248.0500,1254.7500,1244.0068,12794704
2025-01-10,1253.8500,1256.7500,1236.0000,1241.9000,1231.2668,8120332
2025-01-13,1230.0000,1245.2500,1226.4000,1239.8500,1229.2344,13764861
2025-01-14,1244.1000,1253.3500,1227.2500,1238.7500,1228.1438,13095266
2025-01-15,1244.9500,1257.0000,1241.8500,1252.2000,1241.4785,9578856
2025-01-16,1258.9000,1275.0000,1251.3000,1266.4500,1255.6066,14117603
2025-01-17,1322.2500,1326.0000,1285.0000,1302.3500,1291.1992,29366277
2025-01-20,1316.0000,1316.0000,1300.2500,1305.4500,1294.2727,14040244
2025-01-21,1310.5000,1313.0000,1270.2000,1273.7000,1262.7946,14562976
2025-01-22,1278.3000,1282.9000,1268.7000,1277.1000,1266.1655,10273590
2025-01-23,1270.0000,1277.3500,1261.6000,1263.6500,1252.8307,8720682
2025-01-24,1266.0000,1273.0000,1243.5000,1246.3000,1235.6293,14235970
2025-01-27,1239.1000,1240.4500,1220.0000,1229.3500,1218.8242,9536019
2025-01-28,1238.0000,1244.7500,1218.5000,1234.4000,1223.8311,10568025
2025-01-29,1236.0000,1242.7500,1228.0500,1235.5000,1224.9216,5928156
2025-01-30,1235.5500,1257.0000,1232.4000,1253.0500,1242.3214,9269259
2025-01-31,1255.8500,1267.0000,1249.0000,1265.1000,1254.2682,6584612
2025-02-01,1265.1000,1270.5500,1241.0000,1264.6000,1253.7725,7118453
2025-02-03,1251.0000,1256.0000,1237.5500,1245.9000,1235.2327,9252345
2025-02-04,1248.0500,1288.8000,1246.6000,1285.2000,1274.1960,16691069
2025-02-05,1282.6500,1290.5000,1276.7000,1278.2000,1267.2560,10112028
2025-02-06,1273.7000,1288.0000,1270.3500,1281.5500,1270.5774,9956001
2025-02-07,1276.1500,1283.7000,1262.0000,1266.7000,1255.8545,8764283
2025-02-10,1264.5000,1266.5000,1245.5500,1253.6500,1242.9163,6970972
2025-02-11,1264.5500,1264.5500,1230.1000,1234.8500,1224.2772,8859714
2025-02-12,1219.4500,1226.9000,1193.3500,1216.5500,1206.1339,21131654
2025-02-13,1217.0500,1228.0000,1212.0000,1216.1000,1205.6876,8511216
2025-02-14,1219.0000,1224.0000,1205.4500,1217.2500,1206.8279,10298145
2025-02-17,1211.1000,1227.5000,1204.5000,1224.9000,1214.4125,8166683
2025-02-18,1224.8500,1229.9000,1216.1000,1225.4000,1214.9082,6673250
2025-02-19,1219.5000,1232.7500,1217.5500,1227.4500,1216.9404,6217338
2025-02-20,1223.9500,1239.3500,1222.0000,1233.0000,1222.4430,7795582
2025-02-21,1228.7000,1240.0000,1222.1500,1228.1500,1217.6345,6904025
2025-02-24,1216.5500,1223.2500,1210.5000,1214.5500,1204.1511,7172498
2025-02-25,1211.0000,1221.0000,1201.5000,1204.0000,1193.6914,11552182
2025-02-27,1212.8000,1215.0000,1200.6500,1207.1000,1196.7648,11509215
2025-02-28,1202.0000,1217.3500,1193.3000,1200.1000,1189.8247,23007298
2025-03-03,1204.0000,1206.4500,1156.0000,1171.2500,1161.2217,17944938
2025-03-04,1162.2000,1174.0000,1159.5500,1161.9000,1151.9518,11377373
2025-03-05,1161.0000,1183.0000,1157.0000,1175.6000,1165.5344,8664095
2025-03-06,1197.0000,1213.9500,1185.1500,1209.6000,1199.2433,14468014
2025-03-07,1216.0000,1254.8000,1212.0000,1249.8000,1239.0992,16474965
2025-03-10,1245.0000,1258.0000,1235.4000,1238.4000,1227.7969,11931051
2025-03-11,1240.0000,1249.5000,1229.7500,1247.3000,1236.6206,10089838
2025-03-12,1258.0000,1263.0000,1244.0000,1257.0500,1246.2872,11977555
2025-03-13,1260.0500,1264.1500,1243.8500,1247.9000,1237.2155,9505270
2025-03-17,1242.1500,1257.4000,1233.1000,1238.8500,1228.2429,16640917
2025-03-18,1238.8500,1238.8500,1238.8500,1238.8500,1228.2429,0
2025-03-19,1241.0500,1253.2500,1238.8000,1247.1500,1236.4719,16162399
2025-03-20,1251.8500,1273.0000,1250.0500,1269.1500,1258.2834,15971477
2025-03-21,1275.0000,1281.0000,1270.1000,1276.3500,1265.4219,21780769
2025-03-24,1291.0000,1306.0000,1284.2500,1302.1000,1290.9514,20299319
2025-03-25,1307.7000,1307.7000,1282.6000,1285.4500,1274.4440,13713899
2025-03-26,1291.0000,1293.8000,1268.7500,1273.0500,1262.1501,12074747
2025-03-27,1278.1500,1285.0000,1271.3000,1278.2000,1267.2560,15028056
2025-03-28,1280.0000,1295.7500,1269.0000,1275.1000,1264.1825,18147129
2025-04-01,1264.6000,1277.9000,1249.3000,1252.6000,1241.8751,12099648
2025-04-02,1247.5500,1255.5500,1243.9000,1251.1500,1240.4376,10142590
2025-04-03,1233.0500,1251.8000,1233.0500,1248.7000,1238.0085,7434366
2025-04-04,1241.1000,1245.4500,1193.1500,1204.7000,1194.3853,17908652
2025-04-07,1132.2000,1171.2500,1114.8500,1165.7000,1155.7192,22156106
2025-04-08,1172.0000,1196.6000,1163.3000,1182.2000,1172.0780,19555040
2025-04-09,1169.5000,1189.8000,1168.0000,1185.3500,1175.2010,10223104
2025-04-11,1195.1500,1222.6500,1195.1500,1218.9500,1208.5133,11224242
2025-04-15,1251.0000,1251.0000,1237.1000,1240.1000,1229.4823,13378535
2025-04-16,1234.1000,1240.9000,1229.0000,1239.3000,1228.6892,8248464
2025-04-17,1240.2000,1280.2000,1227.6000,1274.5000,1263.5878,15398401
2025-04-21,1270.0000,1300.9000,1267.0000,1295.5000,1284.4080,10429964
2025-04-22,1300.0000,1303.9000,1286.3000,1291.2000,1280.1447,13051707
2025-04-23,1297.0000,1306.0000,1285.4000,1300.0000,1288.8694,10480888
2025-04-24,1292.4000,1304.5000,1290.3000,1301.6000,1290.4557,10468940
2025-04-25,1303.5000,1325.2000,1288.1000,1300.4000,1289.2660,14431012
2025-04-28,1340.0000,1374.6000,1320.2000,1368.8000,1357.0803,31104496
2025-04-29,1371.0000,1410.9000,1370.0000,1399.7000,1387.7157,32538970
2025-04-30,1402.0000,1412.4000,1369.0000,1405.0000,1392.9703,25480745
2025-05-02,1414.0000,1426.7000,1409.1000,1419.8000,1407.6437,13007841
2025-05-05,1431.0000,1439.5000,1426.9000,1431.3000,1419.0453,12685649
2025-05-06,1431.0000,1432.0000,1410.6000,1420.9000,1408.7343,14084117
2025-05-07,1420.9000,1424.4000,1402.7000,1406.0000,1393.9618,13440169
2025-05-08,1404.1000,1420.8000,1398.0000,1407.0000,1394.9532,16106175
2025-05-09,1385.5000,1394.8000,1374.5000,1377.2000,1365.4084,13668904
2025-05-12,1400.0000,1439.0000,1400.0000,1436.5000,1424.2007,10674081
2025-05-13,1433.5000,1447.7000,1412.4000,1415.7000,1403.5787,11407896
2025-05-14,1420.0000,1429.9000,1415.5000,1424.4000,1412.2042,5570160
2025-05-15,1425.0000,1461.4000,1412.7000,1454.2000,1441.7491,20177211
2025-05-16,1453.2000,1461.0000,1447.3000,1456.4000,1443.9303,9036695
2025-05-19,1452.1000,1454.6000,1438.2000,1440.8000,1428.4639,6195791
2025-05-20,1438.2000,1445.0000,1421.8000,1424.6000,1412.4026,11270560
2025-05-21,1423.9000,1436.2000,1418.1000,1429.2000,1416.9631,6136364
2025-05-22,1421.2000,1423.8000,1396.9000,1409.4000,1397.3328,12134466
2025-05-23,1406.6000,1433.8000,1406.6000,1426.8000,1414.5839,6474883
2025-05-26,1432.0000,1441.0000,1425.1000,1434.8000,1422.5153,4842944
2025-05-27,1426.1000,1437.0000,1413.9000,1422.1000,1409.9240,12640414
2025-05-28,1420.1000,1422.6000,1410.7000,1412.9000,1400.8027,5944611
2025-05-29,1412.1000,1420.0000,1408.6000,1417.8000,1405.6609,13771917
2025-05-30,1418.0000,1430.6000,1409.7000,1420.9000,1408.7343,13788484
2025-06-02,1412.1000,1417.5000,1395.6000,1413.7000,1401.5958,8098668
2025-06-03,1422.3000,1426.5000,1403.4000,1405.5000,1393.4662,11252626
2025-06-04,1414.7000,1425.7000,1406.1000,1423.5000,1411.3120,8126827
2025-06-05,1428.0000,1454.7000,1423.6000,1442.4000,1430.0502,13716817
2025-06-06,1441.0000,1451.5000,1437.0000,1443.5000,1431.1407,8182161
2025-06-09,1457.0000,1457.5000,1445.3000,1448.8000,1436.3954,7885125
2025-06-10,1450.0000,1453.9000,1436.0000,1438.5000,1426.1835,7913181
2025-06-11,1445.8000,1468.6000,1443.1000,1448.9000,1436.4945,8195700
2025-06-12,1453.5000,1457.0000,1434.4000,1441.6000,1429.2571,8828114
2025-06-13,1424.0000,1435.5000,1414.3000,1427.9000,1415.6743,9757276
2025-06-16,1426.9000,1442.4000,1424.4000,1437.8000,1425.4896,8458093
2025-06-17,1448.0000,1448.0000,1425.8000,1431.2000,1418.9460,10366599
2025-06-18,1430.0000,1442.8000,1425.7000,1430.1000,1417.8555,6681735
2025-06-19,1430.1000,1439.9000,1425.7000,1433.3000,1421.0282,10007230
2025-06-20,1431.0000,1471.0000,1428.1000,1466.2000,1453.6464,29010635
2025-06-23,1453.0000,1463.8000,1442.0000,1456.8000,1444.3269,5989078
2025-06-24,1465.0000,1475.0000,1443.1000,1450.8000,1438.3783,16402744
2025-06-25,1464.0000,1472.4000,1460.5000,1467.3000,1454.7371,7525851
2025-06-26,1469.1000,1498.8000,1465.1000,1495.3000,1482.4973,14657893
2025-06-27,1499.4000,1522.0000,1496.9000,1515.4000,1502.4252,11117052
2025-06-30,1513.8000,1524.8000,1496.0000,1500.6000,1487.7518,8409527
2025-07-01,1500.6000,1531.4000,1500.1000,1528.4000,1515.3138,10368523
2025-07-02,1528.4000,1530.0000,1508.7000,1518.8000,1505.7960,6361002
2025-07-03,1520.8000,1531.9000,1513.0000,1517.8000,1504.8047,11283291
2025-07-04,1524.0000,1530.0000,1517.2000,1527.3000,1514.2234,6603501
2025-07-07,1526.6000,1544.8000,1525.0000,1541.5000,1528.3016,7251074
2025-07-08,1536.0000,1544.9000,1530.2000,1537.6000,1524.4349,7171261
2025-07-09,1536.7000,1551.0000,1510.1000,1519.0000,1505.9943,8870660
2025-07-10,1519.7000,1524.7000,1507.5000,1517.2000,1504.2096,10047129
2025-07-11,1512.0000,1515.0000,1490.3000,1495.2000,1482.3981,7234991
2025-07-14,1492.2000,1500.0000,1479.1000,1483.7000,1470.9965,10311846
2025-07-15,1486.2000,1496.5000,1482.4000,1485.4000,1472.6820,8132454
2025-07-16,1473.0000,1491.0000,1471.5000,1485.6000,1472.8802,10409983
2025-07-17,1487.4000,1489.6000,1473.9000,1476.4000,1463.7592,11854613
2025-07-18,1484.8000,1484.8000,1469.1000,1476.0000,1463.3625,10296318
2025-07-21,1465.0000,1476.0000,1423.1000,1428.6000,1416.3683,22442744
2025-07-22,1427.4000,1431.9000,1410.7000,1412.8000,1400.7036,20396320
2025-07-23,1426.0000,1426.0000,1414.4000,1424.6000,1412.4026,8354596
2025-07-24,1419.2000,1423.0000,1396.0000,1402.9000,1390.8884,14740507
2025-07-25,1398.9000,1401.0000,1384.1000,1391.7000,1379.7842,11854722
2025-07-28,1392.3000,1407.8000,1385.0000,1387.6000,1375.7192,7748361
2025-07-29,1383.0000,1420.2000,1383.0000,1417.1000,1404.9667,10750072
2025-07-30,1418.1000,1423.3000,1401.3000,1410.1000,1398.0266,7209849
2025-07-31,1388.1000,1402.6000,1382.2000,1390.2000,1378.2970,17065827
2025-08-01,1386.9000,1405.9000,1384.3000,1393.7000,1381.7671,10321171
2025-08-04,1395.1000,1416.1000,1391.7000,1411.5000,1399.4147,6312820
2025-08-05,1411.0000,1411.0000,1388.1000,1391.7000,1379.7842,9315972
2025-08-06,1391.9000,1395.9000,1383.3000,1392.8000,1380.8748,5834312
2025-08-07,1387.7000,1393.7000,1366.0000,1389.4000,1377.5040,9976705
2025-08-08,1385.0000,1397.2000,1365.0000,1367.8000,1356.0889,8793606
2025-08-11,1370.0000,1388.0000,1361.2000,1386.2000,1374.3313,9997486
2025-08-12,1381.9000,1401.9000,1375.2000,1380.4000,1368.5811,12244664
2025-08-13,1388.0000,1391.8000,1377.5000,1382.6000,1370.7621,7457021
2025-08-14,1377.3000,1380.7000,1370.1000,1373.8000,1367.4774,7126128
2025-08-18,1390.0000,1394.9000,1377.0000,1381.7000,1375.3409,11785109
2025-08-19,1390.0000,1421.0000,1389.1000,1420.1000,1413.5642,14384719
2025-08-20,1413.0000,1424.9000,1410.0000,1413.0000,1406.4969,8725641
2025-08-21,1425.0000,1431.9000,1420.3000,1424.8000,1418.2427,11021323
2025-08-22,1420.0000,1423.4000,1407.9000,1409.2000,1402.7144,5818868
2025-08-25,1414.7000,1419.5000,1405.7000,1412.6000,1406.0988,5979407
2025-08-26,1408.0000,1410.0000,1381.6000,1384.9000,1378.5262,12145259
2025-08-28,1389.9000,1392.2000,1366.5000,1385.9000,1379.5217,13161813
2025-08-29,1381.1000,1403.5000,1350.0000,1357.2000,1350.9537,18758842
2025-09-01,1356.0000,1363.2000,1340.6000,1353.9000,1347.6689,11232238
2025-09-02,1354.8000,1384.5000,1354.5000,1366.5000,1360.2109,11517006
2025-09-03,1369.7000,1376.5000,1360.5000,1372.6000,1366.2828,7847563
2025-09-04,1371.8000,1374.0000,1357.1000,1359.3000,1353.0441,13223177
2025-09-05,1363.0000,1381.0000,1359.3000,1375.0000,1368.6719,5777575
2025-09-08,1380.0000,1386.0000,1372.4000,1378.5000,1372.1558,6986720
2025-09-09,1376.6000,1381.2000,1368.7000,1376.2000,1369.8662,9754452
2025-09-10,1383.9000,1388.5000,1374.1000,1377.0000,1370.6626,7790815
2025-09-11,1376.0000,1385.5000,1375.0000,1383.3000,1376.9337,9766072
2025-09-12,1383.3000,1396.3000,1380.5000,1395.0000,1388.5798,7403368
2025-09-15,1393.0000,1400.8000,1388.6000,1399.3000,1392.8600,5396697
2025-09-16,1404.7000,1408.0000,1398.2000,1405.3000,1398.8324,8686961
2025-09-17,1407.0000,1416.2000,1406.9000,1413.8000,1407.2933,7519417
2025-09-18,1420.4000,1422.0000,1410.7000,1415.0000,1408.4877,9332642
2025-09-19,1414.9000,1417.0000,1403.6000,1407.4000,1400.9227,13461373
2025-09-22,1403.9000,1410.7000,1388.0000,1390.6000,1384.2000,7757970
2025-09-23,1391.0000,1395.0000,1376.8000,1389.8000,1383.4038,14014702
2025-09-24,1385.3000,1396.0000,1380.4000,1383.0000,1376.6350,5922759
2025-09-25,1381.3000,1384.5000,1369.0000,1372.4000,1366.0839,11411143
2025-09-26,1372.0000,1382.7000,1366.0000,1377.6000,1371.2599,9879109
2025-09-29,1381.6000,1389.0000,1368.0000,1372.8000,1366.4819,14231999
2025-09-30,1377.1000,1377.1000,1362.8000,1364.0000,1357.7224,14604684
2025-10-01,1367.0000,1378.6000,1362.7000,1368.7000,1362.4008,12045916
2025-10-03,1363.2000,1371.6000,1356.9000,1363.4000,1357.1252,12842347
2025-10-06,1360.0000,1377.4000,1359.0000,1375.0000,1368.6719,12396580
2025-10-07,1376.0000,1395.9000,1375.9000,1384.8000,1378.4268,11244040
2025-10-08,1384.8000,1389.0000,1364.5000,1367.4000,1361.1068,8525081
2025-10-09,1374.0000,1380.0000,1369.1000,1377.8000,1371.4590,8826633
2025-10-10,1377.8000,1388.0000,1375.1000,1381.7000,1375.3409,6373084
2025-10-13,1376.9000,1377.7000,1367.8000,1375.0000,1368.6719,7600682
2025-10-14,1380.0000,1388.0000,1370.1000,1375.9000,1369.5677,9768174
2025-10-15,1383.0000,1384.0000,1372.7000,1374.3000,1367.9751,10882743
2025-10-16,1375.1000,1400.5000,1375.0000,1398.3000,1391.8646,12315932
2025-10-17,1401.0000,1423.3000,1399.1000,1416.8000,1410.2795,19335561
2025-10-20,1440.0000,1473.8000,1433.3000,1466.8000,1460.0493,24721978
2025-10-21,1468.0000,1474.0000,1460.0000,1465.2000,1458.4567,2066169
2025-10-23,1475.0000,1482.9000,1444.6000,1448.4000,1441.7340,18707090
2025-10-24,1450.0000,1459.8000,1441.0000,1451.6000,1444.9193,9700837
2025-10-27,1463.0000,1485.0000,1458.0000,1484.1000,1477.2697,14113867
2025-10-28,1484.1000,1492.0000,1477.6000,1486.9000,1480.0569,17631577
2025-10-29,1490.0000,1508.3000,1488.1000,1504.2000,1497.2771,11884745
2025-10-30,1500.0000,1503.1000,1484.0000,1488.5000,1481.6494,9318663
2025-10-31,1490.4000,1497.5000,1482.3000,1486.4000,1479.5592,8758053
2025-11-03,1486.0000,1495.0000,1479.3000,1484.7000,1477.8669,8452085
2025-11-04,1483.9000,1492.8000,1470.1000,1473.1000,1466.3203,10007806
2025-11-06,1484.0000,1501.6000,1476.2000,1496.1000,1489.2145,16772678
2025-11-07,1494.6000,1498.4000,1475.9000,1478.0000,1471.1978,7821765
2025-11-10,1477.9000,1501.0000,1475.5000,1489.3000,1482.4458,7068438
2025-11-11,1497.0000,1498.8000,1480.2000,1493.4000,1486.5270,7127506
2025-11-12,1505.0000,1524.7000,1500.0000,1511.5000,1504.5436,12384459
2025-11-13,1515.0000,1522.1000,1506.8000,1510.9000,1503.9464,7196443
2025-11-14,1505.5000,1520.9000,1505.5000,1518.9000,1511.9095,7682823
2025-11-17,1520.9000,1523.7000,1511.5000,1518.3000,1511.3124,5871416
2025-11-18,1521.7000,1527.8000,1510.5000,1519.4000,1512.4072,11045042
2025-11-19,1517.4000,1522.3000,1512.0000,1518.9000,1511.9095,5692366
2025-11-20,1530.0000,1550.9000,1526.7000,1549.1000,1541.9706,18171724
2025-11-21,1541.0000,1557.8000,1540.1000,1546.6000,1539.4821,9615271
2025-11-24,1550.0000,1550.0000,1531.8000,1535.9000,1528.8313,18433951
2025-11-25,1535.9000,1559.6000,1525.1000,1539.7000,1532.6138,15033482
2025-11-26,1542.3000,1571.6000,1540.5000,1569.9000,1562.6748,14054299
2025-11-27,1575.0000,1575.5000,1556.0000,1563.4000,1556.2047,9794643
2025-11-28,1568.0000,1581.3000,1563.0000,1567.5000,1560.2859,8959508
2025-12-01,1575.0000,1577.5000,1563.6000,1566.1000,1558.8923,8920233
2025-12-02,1561.1000,1567.5000,1542.0000,1546.3000,1539.1835,11389150
2025-12-03,1545.2000,1552.4000,1533.0000,1538.8000,1531.7180,6090883
2025-12-04,1536.0000,1560.5000,1517.6000,1535.6000,1528.5327,11867930
2025-12-05,1530.4000,1545.8000,1520.6000,1540.6000,1533.5096,10183266
2025-12-08,1539.2000,1551.0000,1535.0000,1543.0000,1535.8987,11301491
2025-12-09,1540.3000,1542.5000,1520.1000,1529.4000,1522.3612,11503971
2025-12-10,1534.0000,1547.5000,1531.4000,1536.9000,1529.8268,7991629
2025-12-11,1536.9000,1550.0000,1524.0000,1545.0000,1537.8894,4706197
2025-12-12,1550.8000,1559.8000,1546.1000,1556.5000,1549.3365,5106655
2025-12-15,1551.2000,1558.6000,1546.5000,1556.2000,1549.0378,5774543
2025-12-16,1545.0000,1551.7000,1538.8000,1542.3000,1535.2019,11731856
2025-12-17,1550.0000,1550.0000,1539.3000,1544.4000,1537.2922,7116649
2025-12-18,1535.2000,1551.5000,1535.2000,1544.4000,1537.2922,6580829
2025-12-19,1554.4000,1574.2000,1551.0000,1565.1000,1557.8969,13937275
2025-12-22,1573.5000,1577.5000,1565.3000,1575.4000,1568.1495,10184852
2025-12-23,1580.9000,1580.9000,1568.1000,1570.7000,1563.4711,7506564
2025-12-24,1572.7000,1575.7000,1553.6000,1558.2000,1551.0287,8815745
2025-12-26,1554.7000,1561.0000,1554.3000,1559.2000,1552.0240,2311495
2025-12-29,1554.9000,1558.1000,1543.6000,1545.6000,1538.4867,5972105
2025-12-30,1547.0000,1553.6000,1537.8000,1539.8000,1532.7134,8815884
2025-12-31,1541.0000,1577.0000,1541.0000,1570.4000,1563.1726,5771830
2026-01-01,1573.7000,1592.5000,1571.1000,1575.6000,1568.3485,6408128
2026-01-02,1580.0000,1594.6000,1578.2000,1592.3000,1584.9718,6602230
2026-01-05,1593.0000,1611.8000,1575.3000,1578.1000,1570.8370,8704973
2026-01-06,1569.0000,1569.0000,1496.3000,1507.6000,1500.6615,27417125
2026-01-07,1510.0000,1520.0000,1498.0000,1504.2000,1497.2771,11199340
2026-01-08,1500.0000,1503.9000,1468.8000,1470.6000,1463.8318,16518684
2026-01-09,1465.0000,1479.9000,1465.0000,1475.3000,1468.5103,8335311
2026-01-12,1475.3000,1485.3000,1451.0000,1483.2000,1476.3738,8883745
2026-01-13,1485.0000,1485.8000,1444.7000,1452.8000,1446.1138,13499760
2026-01-14,1444.0000,1467.0000,1440.2000,1458.8000,1452.0862,8321764
2026-01-15,1458.8000,1458.8000,1458.8000,1458.8000,1452.0862,0
2026-01-16,1458.8000,1480.0000,1455.1000,1457.9000,1451.1903,17167161
2026-01-19,1450.6000,1450.6000,1403.3000,1413.6000,1407.0941,20392765
2026-01-20,1410.7000,1416.0000,1390.0000,1394.0000,1387.5844,13189498
2026-01-21,1389.5000,1412.9000,1373.0000,1404.6000,1398.1356,17352720
2026-01-22,1410.1000,1419.5000,1395.0000,1402.5000,1396.0453,15721693
2026-01-23,1401.8000,1407.0000,1381.0000,1386.1000,1379.7207,9837802
2026-01-27,1380.0000,1391.6000,1368.0000,1380.5000,1374.1465,26302396
2026-01-28,1385.0000,1409.9000,1384.9000,1396.7000,1390.2719,11121657
2026-01-29,1402.9000,1402.9000,1384.0000,1391.0000,1384.5981,20846683
2026-01-30,1382.6000,1398.0000,1378.5000,1395.4000,1388.9779,11239835
2026-02-02,1340.0000,1392.9000,1335.5000,1390.4000,1384.0010,15711165
2026-02-03,1473.9000,1489.5000,1430.2000,1437.1000,1430.4860,25456171
2026-02-04,1444.0000,1464.0000,1440.3000,1456.8000,1450.0955,8333387
2026-02-05,1457.0000,1461.5000,1439.5000,1443.4000,1436.7571,11763658
2026-02-06,1441.5000,1452.8000,1433.5000,1450.8000,1444.1230,8277304
2026-02-09,1458.0000,1465.9000,1453.0000,1461.6000,1454.8733,5775864
2026-02-10,1471.0000,1471.0000,1452.2000,1458.5000,1451.7875,10259630
2026-02-11,1459.6000,1470.0000,1453.6000,1468.7000,1461.9406,7106877
2026-02-12,1470.0000,1473.0000,1445.5000,1448.9000,1442.2317,11135399
2026-02-13,1445.5000,1450.7000,1416.3000,1419.6000,1413.0665,10755693
2026-02-16,1420.1000,1439.6000,1409.3000,1437.1000,1430.4860,5896514
2026-02-17,1431.1000,1431.8000,1418.6000,1423.0000,1416.4509,10731630
2026-02-18,1427.0000,1442.1000,1419.2000,1441.3000,1434.6667,5521096
2026-02-19,1443.0000,1443.0000,1400.0000,1409.5000,1403.0131,11884664
2026-02-20,1409.5000,1427.4000,1406.1000,1419.4000,1412.8676,8177670
2026-02-23,1425.0000,1434.9000,1418.3000,1428.0000,1421.4279,7758856
2026-02-24,1425.3000,1433.3000,1415.0000,1428.8000,1422.2242,12529409
2026-02-25,1435.0000,1440.5000,1393.5000,1398.5000,1392.0637,10728792
2026-02-26,1398.5000,1412.9000,1391.9000,1406.8000,1400.3256,16683858
2026-02-27,1398.0000,1410.4000,1388.1000,1393.9000,1387.4849,12031440
2026-03-02,1375.5000,1378.6000,1341.5000,1358.0000,1351.7500,23728722
2026-03-04,1330.0000,1352.8000,1307.0000,1345.0000,1338.8099,32495007
2026-03-05,1353.1000,1399.0000,1353.1000,1389.4000,1383.0056,25957532
2026-03-06,1396.5000,1424.3000,1390.3000,1404.8000,1398.3347,19311971
2026-03-09,1375.0000,1429.4000,1370.0000,1424.0000,1417.4463,24870822
2026-03-10,1430.6000,1431.5000,1400.6000,1408.8000,1402.3163,18071259
2026-03-11,1424.9000,1434.0000,1383.6000,1390.2000,1383.8018,21848087
2026-03-12,1390.0000,1410.9000,1381.1000,1392.2000,1385.7926,20939959
2026-03-13,1385.2000,1400.8000,1378.4000,1380.7000,1374.3456,17265090
2026-03-16,1380.0000,1397.3000,1363.5000,1395.1000,1388.6793,22837802
2026-03-17,1399.0000,1405.9000,1388.2000,1397.6000,1391.1677,19007744
2026-03-18,1397.2000,1412.9000,1397.2000,1408.1000,1401.6195,9559327
2026-03-19,1388.0000,1415.7000,1376.1000,1384.8000,1378.4268,16498373
2026-03-20,1398.0000,1430.0000,1396.1000,1414.4000,1407.8905,22994918
2026-03-23,1400.0000,1415.6000,1391.0000,1407.8000,1401.3209,18979554
2026-03-24,1420.0000,1422.4000,1406.6000,1411.8000,1405.3025,18620893
2026-03-25,1420.0000,1430.5000,1408.4000,1413.1000,1406.5964,19041331
2026-03-27,1401.0000,1404.7000,1345.0000,1348.1000,1341.8956,23266517
2026-03-30,1335.0000,1365.0000,1334.1000,1343.9000,1337.7150,24393861
2026-04-01,1384.2000,1384.4000,1362.9000,1369.2000,1362.8984,14404619
2026-04-02,1357.0000,1358.2000,1328.0000,1350.5000,1344.2845,21280051
2026-04-06,1359.0000,1359.0000,1290.0000,1304.7000,1298.6953,29274881
2026-04-07,1295.0000,1308.3000,1291.0000,1304.6000,1298.5958,28388922
2026-04-08,1349.0000,1350.6000,1326.2000,1347.8000,1341.5970,21817543
2026-04-09,1346.0000,1350.0000,1326.3000,1330.0000,1323.8789,20725390
2026-04-10,1337.0000,1352.3000,1331.5000,1350.2000,1343.9860,19364461
2026-04-13,1321.2000,1327.6000,1310.0000,1315.1000,1309.0475,28753269
2026-04-15,1337.0000,1347.0000,1334.2000,1344.1000,1337.9141,15313779
2026-04-16,1352.0000,1353.8000,1330.0000,1343.3000,1337.1178,30211012
2026-04-17,1340.0000,1368.4000,1340.0000,1365.0000,1358.7179,13869105
2026-04-20,1363.2000,1373.0000,1352.8000,1363.3000,1357.0258,13614733
2026-04-21,1359.0000,1369.8000,1350.1000,1353.3000,1347.0718,27293629
2026-04-22,1350.3000,1366.0000,1349.1000,1362.1000,1355.8312,9525953
2026-04-23,1346.0000,1355.5000,1340.7000,1343.4000,1337.2173,16385079
2026-04-24,1340.0000,1345.9000,1325.0000,1327.8000,1321.6891,11744802
2026-04-27,1313.0000,1371.6000,1311.0000,1365.8000,1359.5142,24673098
2026-04-28,1358.0000,1395.2000,1357.0000,1388.9000,1382.5078,41027699
2026-04-29,1392.0000,1433.8000,1391.3000,1425.4000,1418.8398,30542143
2026-04-30,1409.0000,1437.0000,1393.1000,1430.8000,1424.2151,30957881
2026-05-01,1430.8000,1430.8000,1430.8000,1430.8000,1424.2151,0
2026-05-04,1433.4000,1467.4000,1433.4000,1463.1000,1456.3663,24035700
2026-05-05,1460.0000,1473.4000,1450.0000,1463.6000,1456.8640,23543341
2026-05-06,1463.0000,1473.3000,1427.5000,1437.9000,1431.2823,14221786
2026-05-07,1438.8000,1449.5000,1430.3000,1436.2000,1429.5901,19816903
2026-05-08,1426.0000,1442.8000,1417.5000,1435.2000,1428.5947,8663105
2026-05-11,1420.0000,1428.0000,1382.0000,1388.2000,1381.8110,15261787
2026-05-12,1392.0000,1393.5000,1360.3000,1364.0000,1357.7224,24357500
2026-05-13,1361.4000,1372.4000,1352.4000,1358.8000,1352.5464,13797989
2026-05-14,1365.2000,1378.0000,1358.4000,1361.8000,1355.5326,17303059
2026-05-15,1356.8000,1364.8000,1329.2000,1336.4000,1330.2495,19976192
2026-05-18,1334.0000,1342.0000,1318.7000,1335.9000,1329.7518,13022473
2026-05-19,1338.7000,1344.0000,1318.4000,1322.7000,1316.6124,21665501
2026-05-20,1318.7000,1362.9000,1312.6000,1359.7000,1353.4421,13248515
2026-05-21,1367.2000,1370.9000,1345.2000,1349.6000,1343.3887,17150630
2026-05-22,1350.0000,1367.4000,1349.1000,1354.5000,1348.2661,7105813
2026-05-25,1366.8000,1371.1000,1357.0000,1367.0000,1360.7086,6750071
2026-05-26,1360.1000,1368.5000,1352.4000,1356.3000,1350.0580,13769747
2026-05-27,1353.0000,1361.0000,1348.6000,1350.5000,1344.2845,13215138
2026-05-28,1350.5000,1350.5000,1350.5000,1350.5000,1344.2845,0
2026-05-29,1364.0000,1369.0000,1317.0000,1321.2000,1315.1194,42634247
2026-06-01,1332.5000,1335.5000,1318.5000,1320.0000,1313.9249,10700603
2026-06-02,1307.7000,1327.8000,1300.3000,1314.6000,1308.5498,23302785
2026-06-03,1315.0000,1324.0000,1301.0000,1313.2000,1307.1562,20012293
2026-06-04,1301.0000,1311.2000,1293.1000,1303.7000,1297.7000,23474327
2026-06-05,1304.5000,1306.0000,1288.0000,1291.0000,1291.0000,17785223
2026-06-08,1277.0000,1282.6000,1259.2000,1263.3000,1263.3000,16494759
2026-06-09,1269.0000,1274.2000,1257.5000,1269.2000,1269.2000,23620214
2026-06-10,1275.0000,1300.5000,1254.4000,1258.8000,1258.8000,21012796
2026-06-11,1258.0000,1276.0000,1253.2000,1263.0000,1263.0000,13117486
2026-06-12,1277.0000,1297.0000,1262.5000,1293.0000,1293.0000,11988785
2026-06-15,1315.3000,1325.0000,1303.3000,1307.0000,1307.0000,18633321
2026-06-16,1313.4000,1333.4000,1306.4000,1328.8000,1328.8000,18513223
2026-06-17,1333.0000,1334.0000,1317.0000,1332.7000,1332.7000,10029170
2026-06-18,1330.0000,1333.9000,1322.0000,1328.1000,1328.1000,15494549
2026-06-19,1328.0000,1338.2000,1305.3000,1309.5000,1309.5000,24887034
2026-06-22,1316.7000,1344.9000,1314.1000,1326.5000,1326.5000,12931213
2026-06-23,1328.9000,1333.0000,1304.0000,1309.5000,1309.5000,15400184
2026-06-24,1305.7000,1322.0000,1297.5000,1313.6000,1313.6000,11030917
2026-06-25,1318.0000,1328.0000,1314.6000,1318.1000,1318.1000,12694362
2026-06-26,1318.1000,1318.1000,1318.1000,1318.1000,1318.1000,0
2026-06-29,1308.0000,1313.7000,1292.6000,1301.0000,1301.0000,13757656
2026-06-30,1306.9000,1306.9000,1290.0000,1293.9000,1293.9000,15695263
2026-07-01,1298.9000,1312.2000,1296.5000,1308.0000,1308.0000,7001401
2026-07-02,1310.0000,1313.2000,1299.0000,1303.5000,1303.5000,17795024
2026-07-03,1312.0000,1312.0000,1302.0000,1304.0000,1304.0000,7839550
2026-07-06,1304.0000,1325.6000,1299.4000,1321.3000,1321.3000,7610709
2026-07-07,1323.5000,1328.0000,1304.1000,1308.4000,1308.4000,14335554
2026-07-08,1297.0000,1302.3000,1271.6000,1275.9000,1275.9000,19960868
2026-07-09,1277.1000,1296.5000,1274.2000,1279.8000,1279.8000,14651963
2026-07-10,1291.9000,1311.1000,1287.8000,1307.8000,1307.8000,8412537
2026-07-13,1300.0000,1306.4000,1295.0000,1296.9000,1296.9000,9488352
2026-07-14,1290.0000,1308.0000,1286.9000,1293.0000,1293.0000,13511284
2026-07-15,1294.1000,1310.9000,1294.1000,1295.5000,1295.5000,9577965
2026-07-16,1295.5000,1309.4000,1291.8000,1296.6000,1296.6000,15631046
2026-07-17,1300.0000,1330.3000,1296.1000,1327.2000,1327.2000,18302218
2026-07-20,1317.2000,1345.9000,1314.9000,1323.1000,1323.1000,14305844
2026-07-21,1321.0000,1326.9000,1302.7000,1303.7000,1303.7000,12753410
2026-07-22,1302.0000,1304.6000,1280.7000,1288.6000,1288.6000,10840383
2026-07-23,1283.0000,1287.3000,1268.0000,1272.2000,1272.2000,12580741
2026-07-24,1265.0000,1283.4000,1249.8000,1278.0000,1278.0000,9817000
2026-07-27,1288.2000,1288.7000,1278.0000,1280.0000,1280.0000,7163132
2026-07-28,1275.0000,1279.2000,1265.9000,1267.7000,1267.7000,9312184
2026-07-29,1275.0000,1282.4000,1268.7000,1275.9000,1275.9000,9448307
2026-07-30,1279.8000,1297.0000,1275.3000,1292.9000,1292.9000,12158451
2026-07-31,1295.0000,1309.7000,1293.6000,1307.8000,1307.8000,8624996
2026-08-03,1315.2000,1319.0000,1306.0000,1319.0000,1319.0000,7508023
2026-08-04,1315.0000,1315.0000,1286.4000,1290.9000,1290.9000,10759546
2026-08-05,1293.0000,1299.0000,1270.1000,1280.0000,1280.0000,24820782
2026-08-06,1285.0000,1325.2000,1281.2000,1325.0000,1325.0000,20342297
2026-08-07,1320.0000,1337.0000,1316.6000,1334.8000,1334.8000,9885638
2026-08-10,1330.1000,1332.9000,1321.3000,1327.3000,1327.3000,8207102
2026-08-11,1326.6000,1328.7000,1314.1000,1323.9000,1323.9000,9953124
2026-08-12,1323.9000,1329.0000,1309.2000,1329.0000,1329.0000,7901012
2026-08-13,1327.8000,1327.8000,1307.2000,1317.0000,1317.0000,9397301
2026-08-14,1317.0000,1317.5000,1301.5000,1310.0000,1310.0000,10497358
2026-08-17,1314.0000,1320.8000,1298.1000,1316.0000,1316.0000,13383867
2026-08-18,1314.0000,1328.6000,1311.2000,1322.0000,1322.0000,10180567
2026-08-19,1320.3000,1321.6000,1303.5000,1311.0000,1311.0000,7489365
2026-08-20,1315.5000,1316.5000,1307.0000,1313.2000,1313.2000,5546227
2026-08-21,1314.0000,1316.0000,1308.0000,1316.0000,1316.0000,5434871
2026-08-24,1316.6000,1320.0000,1302.4000,1309.8000,1309.8000,7277167
2026-08-25,1304.3000,1317.1000,1300.0000,1317.0000,1317.0000,7115355
2026-08-26,1310.0000,1315.6000,1298.0000,1298.0000,1298.0000,5744474
2026-08-27,1305.0000,1308.4000,1282.2000,1282.2000,1282.2000,11271497
2026-08-28,1284.9000,1291.8000,1280.0000,1287.0000,1287.0000,6830228
2026-08-31,1278.7000,1297.6000,1271.0000,1277.0000,1277.0000,34871137
2026-09-01,1285.0000,1311.8000,1280.0000,1309.0000,1309.0000,12617528
2026-09-02,1298.0000,1321.9000,1293.1000,1313.1000,1313.1000,13497841
2026-09-03,1313.1000,1316.8000,1302.5000,1302.5000,1302.5000,9721454
2026-09-04,1304.1000,1333.0000,1304.1000,1322.0000,1322.0000,13031534
2026-09-07,1323.1000,1324.2000,1301.9000,1309.5000,1309.5000,10210522
2026-09-08,1304.1000,1306.8000,1288.0000,1294.9000,1294.9000,9799528
2026-09-09,1283.5000,1294.7000,1277.2000,1279.0000,1279.0000,12152819
2026-09-10,1278.5000,1285.3000,1266.3000,1274.0000,1274.0000,9296079
2026-09-11,1267.0000,1267.4000,1253.0000,1257.5000,1257.5000,8777736
2026-09-14,1257.5000,1257.5000,1257.5000,1257.5000,1257.5000,0
2026-09-15,1252.5000,1259.4000,1235.3000,1235.3000,1235.3000,13754376
2026-09-16,1243.0000,1255.0000,1240.0000,1240.0000,1240.0000,10023997
2026-09-17,1244.8000,1253.4000,1238.5000,1243.9000,1243.9000,7752895
2026-09-18,1245.0000,1247.3000,1226.4000,1226.4000,1226.4000,15122715
2026-09-21,1234.1000,1249.1000,1232.5000,1247.4000,1247.4000,10007218
2026-09-22,1247.6000,1251.9000,1237.4000,1240.4000,1240.4000,10684376
2026-09-23,1242.0000,1252.8000,1238.9000,1248.0000,1248.0000,8352048
2026-09-24,1236.6000,1241.6000,1219.2000,1219.2000,1219.2000,13923795
2026-09-25,1210.5000,1227.4000,1210.5000,1226.0000,1226.0000,13138735
2026-09-28,1218.0000,1219.7000,1197.0000,1197.6000,1197.6000,13602349
2026-09-29,1193.8000,1198.3000,1181.8000,1182.0000,1182.0000,24191416
2026-09-30,1182.0000,1196.5000,1181.7000,1187.0000,1187.0000,16376789
2026-10-01,1180.1000,1183.9000,1160.8000,1167.7000,1167.7000,16771221
2026-10-05,1171.2000,1186.0000,1171.2000,1176.8000,1176.8000,9001989
