word,valence
fall,-1.5
falls,-1.5
fell,-1.5
falling,-1.5
drop,-1.5
drops,-1.5
dropped,-1.5
slip,-1.0
slips,-1.0
slipped,-1.0
dip,-1.0
dips,-1.0
slide,-1.5
slides,-1.5
slump,-2.0
slumps,-2.0
slumped,-2.0
tumble,-2.0
tumbles,-2.0
tumbled,-2.0
plunge,-2.5
plunges,-2.5
plunged,-2.5
crash,-3.0
crashes,-3.0
crashed,-3.0
sink,-2.0
sinks,-2.0
sank,-2.0
skid,-1.5
skids,-1.5
low,-1.5
lows,-1.5
lower,-1.0
selloff,-2.0
sell-off,-2.0
selling,-1.0
outflow,-1.0
outflows,-1.0
downgrade,-2.0
downgrades,-2.0
downgraded,-2.0
underperform,-1.5
underweight,-1.5
bearish,-2.0
miss,-1.5
misses,-1.5
missed,-1.5
cut,-1.0
cuts,-1.0
probe,-1.5
penalty,-1.5
rise,1.5
rises,1.5
rose,1.5
rising,1.5
gain,1.5
gains,1.5
gained,1.5
climb,1.5
climbs,1.5
climbed,1.5
jump,1.5
jumps,1.5
jumped,1.5
surge,2.0
surges,2.0
surged,2.0
soar,2.5
soars,2.5
soared,2.5
rally,2.0
rallies,2.0
rallied,2.0
rebound,1.5
rebounds,1.5
high,1.0
highs,1.0
higher,1.0
inflow,1.0
inflows,1.0
upgrade,2.0
upgrades,2.0
upgraded,2.0
outperform,1.5
overweight,1.5
bullish,2.0
buy,1.0
beat,1.5
beats,1.5
record,1.0
profit,0.0
profits,0.0
beating,1.5
